ticket_id,thought,action,observation,category,priority,reason
TKT001,"The website is inaccessible to all customers, resulting in a complete outage",Investigate server status and error logs,"Error 503 is being displayed, indicating a server-side issue",Bug,P1,"Production outage affecting all users, resulting in a complete loss of service"
TKT006,Management is requesting a new feature to export reports to Excel,Review existing reporting functionality,Current reporting functionality lacks Excel export option,Feature,P3,New feature request to enhance reporting capabilities
TKT014,Search function is not returning results despite data being available,Investigate search query and database connectivity,"Search feature is not functioning as expected, but the system is still accessible",Bug,P2,"Major feature broken, impacting user experience"
TKT001,"Website is unavailable, displaying Error 503 for all users",Analyze server logs and system status,Complete outage affecting 100% of users,Bug,P1,Production outage affecting all users
TKT010,Profile picture upload is failing with a server error,Investigate server-side logs for upload errors,Users are unable to upload profile pictures due to a server error,Bug,P2,"Major feature broken, impacting user experience"
TKT019,User is requesting a new feature to automatically generate and email reports on a scheduled basis,Review product roadmap and existing reporting features,Users are seeking increased automation and convenience in report generation,Feature,P3,New feature request to enhance user experience and productivity
TKT002,Users are unable to receive password reset emails,Investigate email delivery settings,Password reset emails are not being delivered to users,Bug,P2,Major feature broken affecting user authentication
TKT007,Customer reports duplicate charge for subscription renewal,Investigate payment transaction logs,Customer has been incorrectly charged twice for the same subscription,Bug,P2,Financial impact on customer due to system error
TKT019,Users are requesting a new feature to automatically generate and email reports on a weekly basis,Gather requirements for the new feature,"Users currently have to manually generate reports, and automation would improve efficiency",Feature,P3,New feature request to improve user experience and workflow
TKT006,Management is requesting a new functionality to export reports to Excel,Review current export capabilities and Excel integration,Current system lacks direct Excel export feature,Feature,P3,New feature request to enhance reporting capabilities
TKT001,Customers are reporting inability to access the website with an Error 503 message,Investigate server status and error logs,All users are being affected by the website unavailability,Bug,P1,Production outage affecting all users with a server error
TKT020,The user interface has an alignment issue on smaller screens,Review UI design and responsiveness,Buttons overlap causing a poor user experience,Bug,P3,"Minor issue with a workaround, affects user experience"
TKT019,Users are requesting a new feature to automatically generate and email reports on a scheduled basis,Gather requirements and assess feasibility,Users are seeking to enhance their experience with automated reporting,Feature,P3,New feature request with potential to enhance user experience
TKT009,Users are requesting a new feature to receive automated email notifications for task assignments,Gather requirements and assess feasibility,"Users currently lack automated notifications, requiring manual checks",Feature,P3,New feature request to enhance user experience
TKT006,Management is requesting a new feature to export reports to Excel,Review current export capabilities and requirements,Current system does not support direct export to Excel,Feature,P3,New feature request to enhance reporting functionality
TKT005,Login page is loading slowly affecting user experience,Investigate potential performance issues,Slow load times on login page reported by users,Bug,P2,Major functionality impacted with significant delay
TKT004,Invoice amount is incorrect due to tax calculation errors,Review invoice generation and tax calculation process,Incorrect tax calculations are affecting customer invoices,Bug,P2,Major feature broken affecting financial transactions
TKT011,"Application crashes immediately after launch, indicating a potentially severe issue",Investigate system logs and startup processes,"Application fails to launch on Windows systems, affecting all users",Bug,P2,"Major feature broken, impacting user experience"
TKT015,Implementing additional security measure to protect user accounts,Evaluate feasibility and impact on existing infrastructure,Security team has identified a need for enhanced account protection,Feature,P2,High priority feature request to improve security
TKT003,Customer is requesting a new feature to enhance user experience,Review and prioritize feature requests,Multiple customers have requested the same feature,Feature,P3,Enhancement request to improve user experience
TKT002,Users are unable to reset their passwords due to missing email,Investigate email delivery issues,Password reset emails are not being delivered to users,Bug,P2,Major feature broken affecting user authentication
TKT001,"Website is unavailable, resulting in a complete outage for all users",Investigate server status and error logs,"Error 503 is displayed, indicating a server-side issue",Bug,P1,"Production outage affecting all users, resulting in a loss of functionality"
TKT002,Password reset emails are not being delivered to users,Investigate email delivery and password reset process,"Multiple users are affected, unable to reset passwords",Bug,P2,"Major feature broken, impacting user authentication"
TKT003,Customer request for a new feature to improve user experience,Review and assess the feasibility of the request,"Multiple customers have requested the feature, indicating a desire for customization",Feature,P3,Enhancement request from customers to improve application usability
TKT004,Invoice is showing incorrect tax calculations which may cause financial discrepancies,Verify invoice generation process and tax calculation logic,"Invoices are being generated with incorrect tax amounts, potentially affecting all customer accounts",Billing,P2,Inaccurate tax calculations on invoices may lead to financial losses or customer dissatisfaction
TKT005,Login page loading slowly affects user experience,Investigate server response time and database queries,"Slow login page loading affects all users, but does not prevent login",Bug,P2,"Major feature impacted, but workaround does not exist and login is still possible"
